timestamp,x,y,WiFi 1,WiFi 2,WiFi 3
0,0.2,10.209999999999999,0.0,0.0,0.0
0,0.2,10.219999999999999,0.0,0.0,0.0
1,0.2,10.229999999999999,0.0,0.0,0.0
2,0.2,10.239999999999998,0.0,0.0,0.0
3,0.2,10.249999999999998,0.0,0.0,0.0
4,0.2,10.259999999999998,0.0,0.0,0.0
5,0.2,10.269999999999998,0.0,0.0,0.0
6,0.2,10.279999999999998,0.0,0.0,0.0
7,0.2,10.289999999999997,0.0,0.0,0.0
8,0.2,10.299999999999997,0.0,0.0,0.0
9,0.2,10.309999999999997,0.0,0.0,0.0
10,-0.01137771468869192,11.602261562646852,9.188184221653174,25.74665678579343,45.215911213599945
11,-0.021777883820040898,11.67535117046949,9.188184221653174,25.74665678579343,45.215911213599945
12,-0.032178052951389875,11.748440778292128,9.188184221653174,25.74665678579343,45.215911213599945
13,-0.042578222082738856,11.821530386114766,9.188184221653174,25.74665678579343,45.215911213599945
14,-0.05297839121408783,11.894619993937404,9.188184221653174,25.74665678579343,45.215911213599945
15,-0.0633785603454368,11.967709601760042,9.188184221653174,25.74665678579343,45.215911213599945
16,-0.07377872947678578,12.04079920958268,9.188184221653174,25.74665678579343,45.215911213599945
17,-0.08417889860813475,12.113888817405318,9.188184221653174,25.74665678579343,45.215911213599945
18,-0.09457906773948373,12.186978425227956,9.188184221653174,25.74665678579343,45.215911213599945
19,-0.1049792368708327,12.260068033050594,9.188184221653174,25.74665678579343,45.215911213599945
20,0.8215138632307838,11.364995656938229,9.100333230386942,25.882414966666293,44.450895005053184
21,0.8993716618980082,11.347631683916607,9.100333230386942,25.882414966666293,44.450895005053184
22,0.9772294605652326,11.330267710894985,9.100333230386942,25.882414966666293,44.450895005053184
23,1.0550872592324572,11.312903737873363,9.100333230386942,25.882414966666293,44.450895005053184
24,1.1329450578996816,11.29553976485174,9.100333230386942,25.882414966666293,44.450895005053184
25,1.210802856566906,11.278175791830119,9.100333230386942,25.882414966666293,44.450895005053184
26,1.2886606552341304,11.260811818808497,9.100333230386942,25.882414966666293,44.450895005053184
27,1.3665184539013548,11.243447845786875,9.100333230386942,25.882414966666293,44.450895005053184
28,1.4443762525685793,11.226083872765253,9.100333230386942,25.882414966666293,44.450895005053184
29,1.5222340512358037,11.208719899743631,9.100333230386942,25.882414966666293,44.450895005053184
30,1.7197704549919453,11.608827228576992,7.364986612816349,24.704575472239608,43.273952676529895
31,1.8049150977374016,11.616411927789322,7.364986612816349,24.704575472239608,43.273952676529895
32,1.8900597404828576,11.623996627001652,7.364986612816349,24.704575472239608,43.273952676529895
33,1.9752043832283137,11.631581326213983,7.364986612816349,24.704575472239608,43.273952676529895
34,2.06034902597377,11.639166025426313,7.364986612816349,24.704575472239608,43.273952676529895
35,2.145493668719226,11.646750724638643,7.364986612816349,24.704575472239608,43.273952676529895
36,2.230638311464682,11.654335423850974,7.364986612816349,24.704575472239608,43.273952676529895
37,2.315782954210138,11.661920123063304,7.364986612816349,24.704575472239608,43.273952676529895
38,2.400927596955594,11.669504822275634,7.364986612816349,24.704575472239608,43.273952676529895
39,2.48607223970105,11.677089521487964,7.364986612816349,24.704575472239608,43.273952676529895
40,0.7070094570107441,12.681253047560233,7.889185190548411,23.507523765331925,44.82688339678644
41,0.7083861147300173,12.732988725462812,7.889185190548411,23.507523765331925,44.82688339678644
42,0.7097627724492905,12.784724403365392,7.889185190548411,23.507523765331925,44.82688339678644
43,0.7111394301685637,12.83646008126797,7.889185190548411,23.507523765331925,44.82688339678644
44,0.7125160878878369,12.88819575917055,7.889185190548411,23.507523765331925,44.82688339678644
45,0.7138927456071101,12.93993143707313,7.889185190548411,23.507523765331925,44.82688339678644
46,0.7152694033263833,12.991667114975709,7.889185190548411,23.507523765331925,44.82688339678644
47,0.7166460610456565,13.043402792878288,7.889185190548411,23.507523765331925,44.82688339678644
48,0.7180227187649297,13.095138470780867,7.889185190548411,23.507523765331925,44.82688339678644
49,0.7193993764842029,13.146874148683446,7.889185190548411,23.507523765331925,44.82688339678644
50,2.372307301496205,12.863290154325012,7.9346442788392935,23.278550412770453,41.673938346644064
51,2.438463729721741,12.903819530188244,7.9346442788392935,23.278550412770453,41.673938346644064
52,2.5046201579472767,12.944348906051475,7.9346442788392935,23.278550412770453,41.673938346644064
53,2.5707765861728125,12.984878281914707,7.9346442788392935,23.278550412770453,41.673938346644064
54,2.6369330143983483,13.025407657777938,7.9346442788392935,23.278550412770453,41.673938346644064
55,2.703089442623884,13.06593703364117,7.9346442788392935,23.278550412770453,41.673938346644064
56,2.76924587084942,13.106466409504401,7.9346442788392935,23.278550412770453,41.673938346644064
57,2.8354022990749557,13.146995785367633,7.9346442788392935,23.278550412770453,41.673938346644064
58,2.9015587273004915,13.187525161230864,7.9346442788392935,23.278550412770453,41.673938346644064
59,2.9677151555260273,13.228054537094096,7.9346442788392935,23.278550412770453,41.673938346644064
60,3.3134128330593153,13.332645419069197,9.53223516803992,22.978074673349017,41.83277610538787
61,3.3900699005063912,13.376005342864282,9.53223516803992,22.978074673349017,41.83277610538787
62,3.466726967953467,13.419365266659367,9.53223516803992,22.978074673349017,41.83277610538787
63,3.543384035400543,13.462725190454453,9.53223516803992,22.978074673349017,41.83277610538787
64,3.620041102847619,13.506085114249538,9.53223516803992,22.978074673349017,41.83277610538787
65,3.696698170294695,13.549445038044624,9.53223516803992,22.978074673349017,41.83277610538787
66,3.7733552377417707,13.59280496183971,9.53223516803992,22.978074673349017,41.83277610538787
67,3.8500123051888466,13.636164885634795,9.53223516803992,22.978074673349017,41.83277610538787
68,3.9266693726359225,13.67952480942988,9.53223516803992,22.978074673349017,41.83277610538787
69,4.003326440082999,13.722884733224966,9.53223516803992,22.978074673349017,41.83277610538787
70,4.3432577091270215,13.288418918940193,8.56425600384909,22.97822388331871,40.66527895637013
71,4.428872591448417,13.314333865543073,8.56425600384909,22.97822388331871,40.66527895637013
72,4.514487473769812,13.340248812145953,8.56425600384909,22.97822388331871,40.66527895637013
73,4.600102356091207,13.366163758748833,8.56425600384909,22.97822388331871,40.66527895637013
74,4.685717238412602,13.392078705351713,8.56425600384909,22.97822388331871,40.66527895637013
75,4.771332120733997,13.417993651954593,8.56425600384909,22.97822388331871,40.66527895637013
76,4.856947003055392,13.443908598557472,8.56425600384909,22.97822388331871,40.66527895637013
77,4.942561885376787,13.469823545160352,8.56425600384909,22.97822388331871,40.66527895637013
78,5.028176767698183,13.495738491763232,8.56425600384909,22.97822388331871,40.66527895637013
79,5.113791650019578,13.521653438366112,8.56425600384909,22.97822388331871,40.66527895637013
80,4.03309967341438,13.635578359804304,8.88363070595495,22.30696134153906,42.09619670631726
81,4.07582722515177,13.663066802738467,8.88363070595495,22.30696134153906,42.09619670631726
82,4.118554776889161,13.690555245672629,8.88363070595495,22.30696134153906,42.09619670631726
83,4.161282328626551,13.718043688606791,8.88363070595495,22.30696134153906,42.09619670631726
84,4.204009880363941,13.745532131540953,8.88363070595495,22.30696134153906,42.09619670631726
85,4.246737432101331,13.773020574475115,8.88363070595495,22.30696134153906,42.09619670631726
86,4.289464983838721,13.800509017409277,8.88363070595495,22.30696134153906,42.09619670631726
87,4.3321925355761115,13.82799746034344,8.88363070595495,22.30696134153906,42.09619670631726
88,4.374920087313502,13.855485903277602,8.88363070595495,22.30696134153906,42.09619670631726
89,4.417647639050892,13.882974346211764,8.88363070595495,22.30696134153906,42.09619670631726
90,3.5195456685471602,14.535432823662024,10.150414549407785,21.175905002485006,42.56451115015626
91,3.5281694630248652,14.585401664315466,10.150414549407785,21.175905002485006,42.56451115015626
92,3.5367932575025702,14.635370504968908,10.150414549407785,21.175905002485006,42.56451115015626
93,3.5454170519802752,14.68533934562235,10.150414549407785,21.175905002485006,42.56451115015626
94,3.5540408464579802,14.735308186275791,10.150414549407785,21.175905002485006,42.56451115015626
95,3.5626646409356852,14.785277026929233,10.150414549407785,21.175905002485006,42.56451115015626
96,3.5712884354133902,14.835245867582675,10.150414549407785,21.175905002485006,42.56451115015626
97,3.5799122298910953,14.885214708236116,10.150414549407785,21.175905002485006,42.56451115015626
98,3.5885360243688003,14.935183548889558,10.150414549407785,21.175905002485006,42.56451115015626
99,3.5971598188465053,14.985152389543,10.150414549407785,21.175905002485006,42.56451115015626
100,4.1745831519154155,15.231010003735875,10.627421529901738,20.47606582279292,40.739559649461285
101,4.20480451484574,15.28944938615749,10.627421529901738,20.47606582279292,40.739559649461285
102,4.235025877776064,15.347888768579104,10.627421529901738,20.47606582279292,40.739559649461285
103,4.265247240706388,15.406328151000718,10.627421529901738,20.47606582279292,40.739559649461285
104,4.295468603636712,15.464767533422332,10.627421529901738,20.47606582279292,40.739559649461285
105,4.325689966567036,15.523206915843947,10.627421529901738,20.47606582279292,40.739559649461285
106,4.35591132949736,15.58164629826556,10.627421529901738,20.47606582279292,40.739559649461285
107,4.386132692427684,15.640085680687175,10.627421529901738,20.47606582279292,40.739559649461285
108,4.416354055358008,15.69852506310879,10.627421529901738,20.47606582279292,40.739559649461285
109,4.446575418288332,15.756964445530404,10.627421529901738,20.47606582279292,40.739559649461285
110,4.47854311259953,15.61771335768627,10.605817802756006,20.362879498438573,40.9139086637548
111,4.508591448370006,15.668314030602387,10.605817802756006,20.362879498438573,40.9139086637548
112,4.538639784140482,15.718914703518504,10.605817802756006,20.362879498438573,40.9139086637548
113,4.568688119910958,15.76951537643462,10.605817802756006,20.362879498438573,40.9139086637548
114,4.5987364556814345,15.820116049350737,10.605817802756006,20.362879498438573,40.9139086637548
115,4.628784791451911,15.870716722266854,10.605817802756006,20.362879498438573,40.9139086637548
116,4.658833127222387,15.921317395182971,10.605817802756006,20.362879498438573,40.9139086637548
117,4.688881462992863,15.971918068099088,10.605817802756006,20.362879498438573,40.9139086637548
118,4.718929798763339,16.022518741015205,10.605817802756006,20.362879498438573,40.9139086637548
119,4.748978134533815,16.073119413931323,10.605817802756006,20.362879498438573,40.9139086637548
120,4.727112033697219,15.91236645593398,12.14903039250919,20.768287582986606,41.11420007293122
121,4.754995511521629,15.954448573005587,12.14903039250919,20.768287582986606,41.11420007293122
122,4.782878989346038,15.996530690077194,12.14903039250919,20.768287582986606,41.11420007293122
123,4.810762467170448,16.038612807148798,12.14903039250919,20.768287582986606,41.11420007293122
124,4.838645944994857,16.080694924220403,12.14903039250919,20.768287582986606,41.11420007293122
125,4.866529422819267,16.122777041292007,12.14903039250919,20.768287582986606,41.11420007293122
126,4.894412900643676,16.164859158363612,12.14903039250919,20.768287582986606,41.11420007293122
127,4.9222963784680855,16.206941275435216,12.14903039250919,20.768287582986606,41.11420007293122
128,4.950179856292495,16.24902339250682,12.14903039250919,20.768287582986606,41.11420007293122
129,4.9780633341169045,16.291105509578426,12.14903039250919,20.768287582986606,41.11420007293122
130,6.218437538098594,16.78114841601353,11.6875492576781,17.812124377590035,38.18841720916722
131,6.29177881207056,16.842293366815987,11.6875492576781,17.812124377590035,38.18841720916722
132,6.365120086042526,16.903438317618445,11.6875492576781,17.812124377590035,38.18841720916722
133,6.438461360014492,16.964583268420903,11.6875492576781,17.812124377590035,38.18841720916722
134,6.511802633986458,17.02572821922336,11.6875492576781,17.812124377590035,38.18841720916722
135,6.585143907958424,17.086873170025818,11.6875492576781,17.812124377590035,38.18841720916722
136,6.6584851819303905,17.148018120828276,11.6875492576781,17.812124377590035,38.18841720916722
137,6.731826455902357,17.209163071630734,11.6875492576781,17.812124377590035,38.18841720916722
138,6.805167729874323,17.27030802243319,11.6875492576781,17.812124377590035,38.18841720916722
139,6.878509003846289,17.33145297323565,11.6875492576781,17.812124377590035,38.18841720916722
140,7.444197601255888,17.168703895796018,12.318878195968184,18.1026768921363,37.76342804164022
141,7.535608706629449,17.220996235546224,12.318878195968184,18.1026768921363,37.76342804164022
142,7.62701981200301,17.27328857529643,12.318878195968184,18.1026768921363,37.76342804164022
143,7.718430917376572,17.325580915046636,12.318878195968184,18.1026768921363,37.76342804164022
144,7.809842022750133,17.377873254796842,12.318878195968184,18.1026768921363,37.76342804164022
145,7.901253128123694,17.43016559454705,12.318878195968184,18.1026768921363,37.76342804164022
146,7.992664233497256,17.482457934297255,12.318878195968184,18.1026768921363,37.76342804164022
147,8.084075338870816,17.53475027404746,12.318878195968184,18.1026768921363,37.76342804164022
148,8.175486444244378,17.587042613797667,12.318878195968184,18.1026768921363,37.76342804164022
149,8.266897549617939,17.639334953547873,12.318878195968184,18.1026768921363,37.76342804164022
150,8.536609478464504,17.069693545289915,11.358815654361775,17.85037208569971,36.62860964746832
151,8.634218558540875,17.09587500636976,11.358815654361775,17.85037208569971,36.62860964746832
152,8.731827638617245,17.122056467449603,11.358815654361775,17.85037208569971,36.62860964746832
153,8.829436718693616,17.148237928529447,11.358815654361775,17.85037208569971,36.62860964746832
154,8.927045798769987,17.17441938960929,11.358815654361775,17.85037208569971,36.62860964746832
155,9.024654878846357,17.200600850689135,11.358815654361775,17.85037208569971,36.62860964746832
156,9.122263958922728,17.22678231176898,11.358815654361775,17.85037208569971,36.62860964746832
157,9.219873038999099,17.252963772848823,11.358815654361775,17.85037208569971,36.62860964746832
158,9.31748211907547,17.279145233928666,11.358815654361775,17.85037208569971,36.62860964746832
159,9.41509119915184,17.30532669500851,11.358815654361775,17.85037208569971,36.62860964746832
160,8.211672915103035,16.98773249051312,11.291153091281604,18.02337480281907,38.318697373818665
161,8.260855335382002,16.998431279835422,11.291153091281604,18.02337480281907,38.318697373818665
162,8.31003775566097,17.009130069157724,11.291153091281604,18.02337480281907,38.318697373818665
163,8.359220175939937,17.019828858480025,11.291153091281604,18.02337480281907,38.318697373818665
164,8.408402596218904,17.030527647802327,11.291153091281604,18.02337480281907,38.318697373818665
165,8.457585016497871,17.041226437124628,11.291153091281604,18.02337480281907,38.318697373818665
166,8.506767436776839,17.05192522644693,11.291153091281604,18.02337480281907,38.318697373818665
167,8.555949857055806,17.06262401576923,11.291153091281604,18.02337480281907,38.318697373818665
168,8.605132277334773,17.073322805091532,11.291153091281604,18.02337480281907,38.318697373818665
169,8.65431469761374,17.084021594413834,11.291153091281604,18.02337480281907,38.318697373818665
170,7.965933410710157,18.25100140553707,12.136970105270372,14.715777261892459,38.08269395352101
171,7.988549359781571,18.310316827787265,12.136970105270372,14.715777261892459,38.08269395352101
172,8.011165308852984,18.36963225003746,12.136970105270372,14.715777261892459,38.08269395352101
173,8.033781257924398,18.428947672287652,12.136970105270372,14.715777261892459,38.08269395352101
174,8.056397206995811,18.488263094537846,12.136970105270372,14.715777261892459,38.08269395352101
175,8.079013156067225,18.54757851678804,12.136970105270372,14.715777261892459,38.08269395352101
176,8.101629105138638,18.606893939038233,12.136970105270372,14.715777261892459,38.08269395352101
177,8.124245054210052,18.666209361288427,12.136970105270372,14.715777261892459,38.08269395352101
178,8.146861003281465,18.72552478353862,12.136970105270372,14.715777261892459,38.08269395352101
179,8.169476952352879,18.784840205788814,12.136970105270372,14.715777261892459,38.08269395352101
180,8.997783430927976,18.55340822927113,12.841988375696042,15.557617813584644,35.783946667367466
181,9.05009970946004,18.60050598365374,12.841988375696042,15.557617813584644,35.783946667367466
182,9.102415987992105,18.64760373803635,12.841988375696042,15.557617813584644,35.783946667367466
183,9.154732266524169,18.694701492418957,12.841988375696042,15.557617813584644,35.783946667367466
184,9.207048545056233,18.741799246801566,12.841988375696042,15.557617813584644,35.783946667367466
185,9.259364823588298,18.788897001184175,12.841988375696042,15.557617813584644,35.783946667367466
186,9.311681102120362,18.835994755566784,12.841988375696042,15.557617813584644,35.783946667367466
187,9.363997380652426,18.883092509949392,12.841988375696042,15.557617813584644,35.783946667367466
188,9.41631365918449,18.930190264332,12.841988375696042,15.557617813584644,35.783946667367466
189,9.468629937716555,18.97728801871461,12.841988375696042,15.557617813584644,35.783946667367466
190,9.877703949024566,19.92048498610268,17.135504247370207,15.032062530988892,36.633943703435804
191,9.944031724284889,20.008124254484347,17.135504247370207,15.032062530988892,36.633943703435804
192,10.010359499545212,20.095763522866015,17.135504247370207,15.032062530988892,36.633943703435804
193,10.076687274805534,20.183402791247683,17.135504247370207,15.032062530988892,36.633943703435804
194,10.143015050065857,20.27104205962935,17.135504247370207,15.032062530988892,36.633943703435804
195,10.20934282532618,20.35868132801102,17.135504247370207,15.032062530988892,36.633943703435804
196,10.275670600586503,20.446320596392688,17.135504247370207,15.032062530988892,36.633943703435804
197,10.341998375846826,20.533959864774356,17.135504247370207,15.032062530988892,36.633943703435804
198,10.408326151107149,20.621599133156025,17.135504247370207,15.032062530988892,36.633943703435804
199,10.474653926367472,20.709238401537693,17.135504247370207,15.032062530988892,36.633943703435804
200,10.241865084843095,20.119753780722622,14.882501531308462,14.623303642814111,36.04269095522894
201,10.296890379280857,20.177939308313647,14.882501531308462,14.623303642814111,36.04269095522894
202,10.351915673718619,20.236124835904672,14.882501531308462,14.623303642814111,36.04269095522894
203,10.40694096815638,20.294310363495697,14.882501531308462,14.623303642814111,36.04269095522894
204,10.461966262594142,20.352495891086722,14.882501531308462,14.623303642814111,36.04269095522894
205,10.516991557031904,20.410681418677747,14.882501531308462,14.623303642814111,36.04269095522894
206,10.572016851469666,20.468866946268772,14.882501531308462,14.623303642814111,36.04269095522894
207,10.627042145907428,20.527052473859797,14.882501531308462,14.623303642814111,36.04269095522894
208,10.68206744034519,20.585238001450822,14.882501531308462,14.623303642814111,36.04269095522894
209,10.737092734782951,20.643423529041847,14.882501531308462,14.623303642814111,36.04269095522894
210,11.347212400364725,20.980940727510013,18.768606335340696,15.277695260967892,35.565462049374155
211,11.422848581608433,21.051540116933104,18.768606335340696,15.277695260967892,35.565462049374155
212,11.49848476285214,21.122139506356195,18.768606335340696,15.277695260967892,35.565462049374155
213,11.574120944095847,21.192738895779286,18.768606335340696,15.277695260967892,35.565462049374155
214,11.649757125339555,21.263338285202376,18.768606335340696,15.277695260967892,35.565462049374155
215,11.725393306583262,21.333937674625467,18.768606335340696,15.277695260967892,35.565462049374155
216,11.80102948782697,21.404537064048558,18.768606335340696,15.277695260967892,35.565462049374155
217,11.876665669070677,21.47513645347165,18.768606335340696,15.277695260967892,35.565462049374155
218,11.952301850314385,21.54573584289474,18.768606335340696,15.277695260967892,35.565462049374155
219,12.027938031558092,21.61633523231783,18.768606335340696,15.277695260967892,35.565462049374155
220,10.759912843005049,21.774179337694356,17.505095653657296,13.258740643008881,37.418552288702294
221,10.78614413517216,21.848254510949154,17.505095653657296,13.258740643008881,37.418552288702294
222,10.812375427339271,21.92232968420395,17.505095653657296,13.258740643008881,37.418552288702294
223,10.838606719506382,21.99640485745875,17.505095653657296,13.258740643008881,37.418552288702294
224,10.864838011673493,22.070480030713547,17.505095653657296,13.258740643008881,37.418552288702294
225,10.891069303840604,22.144555203968345,17.505095653657296,13.258740643008881,37.418552288702294
226,10.917300596007715,22.218630377223143,17.505095653657296,13.258740643008881,37.418552288702294
227,10.943531888174826,22.29270555047794,17.505095653657296,13.258740643008881,37.418552288702294
228,10.969763180341937,22.366780723732738,17.505095653657296,13.258740643008881,37.418552288702294
229,10.995994472509048,22.440855896987536,17.505095653657296,13.258740643008881,37.418552288702294
230,11.267180967680757,22.315934860384843,17.933133632380617,12.30375560768423,35.446263805679585
231,11.302381267116496,22.381629851214914,17.933133632380617,12.30375560768423,35.446263805679585
232,11.337581566552236,22.447324842044985,17.933133632380617,12.30375560768423,35.446263805679585
233,11.372781865987976,22.513019832875056,17.933133632380617,12.30375560768423,35.446263805679585
234,11.407982165423716,22.578714823705127,17.933133632380617,12.30375560768423,35.446263805679585
235,11.443182464859456,22.644409814535198,17.933133632380617,12.30375560768423,35.446263805679585
236,11.478382764295196,22.71010480536527,17.933133632380617,12.30375560768423,35.446263805679585
237,11.513583063730936,22.77579979619534,17.933133632380617,12.30375560768423,35.446263805679585
238,11.548783363166676,22.84149478702541,17.933133632380617,12.30375560768423,35.446263805679585
239,11.583983662602416,22.907189777855482,17.933133632380617,12.30375560768423,35.446263805679585
240,11.950529138957837,21.948238897956404,17.011424968136946,12.905074273230607,34.2325679921177
241,11.99787489451782,21.97052754985627,17.011424968136946,12.905074273230607,34.2325679921177
242,12.045220650077802,21.99281620175614,17.011424968136946,12.905074273230607,34.2325679921177
243,12.092566405637784,22.015104853656005,17.011424968136946,12.905074273230607,34.2325679921177
244,12.139912161197767,22.037393505555873,17.011424968136946,12.905074273230607,34.2325679921177
245,12.18725791675775,22.05968215745574,17.011424968136946,12.905074273230607,34.2325679921177
246,12.234603672317732,22.081970809355607,17.011424968136946,12.905074273230607,34.2325679921177
247,12.281949427877715,22.104259461255474,17.011424968136946,12.905074273230607,34.2325679921177
248,12.329295183437697,22.12654811315534,17.011424968136946,12.905074273230607,34.2325679921177
249,12.37664093899768,22.148836765055208,17.011424968136946,12.905074273230607,34.2325679921177
250,12.292239584303621,22.124621438474836,18.868015137692566,13.575567254934565,35.16493777976216
251,12.334694008623662,22.14489327869912,18.868015137692566,13.575567254934565,35.16493777976216
252,12.377148432943704,22.1651651189234,18.868015137692566,13.575567254934565,35.16493777976216
253,12.419602857263746,22.185436959147683,18.868015137692566,13.575567254934565,35.16493777976216
254,12.462057281583787,22.205708799371966,18.868015137692566,13.575567254934565,35.16493777976216
255,12.504511705903829,22.225980639596248,18.868015137692566,13.575567254934565,35.16493777976216
256,12.54696613022387,22.24625247982053,18.868015137692566,13.575567254934565,35.16493777976216
257,12.589420554543912,22.266524320044812,18.868015137692566,13.575567254934565,35.16493777976216
258,12.631874978863953,22.286796160269095,18.868015137692566,13.575567254934565,35.16493777976216
259,12.674329403183995,22.307068000493377,18.868015137692566,13.575567254934565,35.16493777976216
260,13.247073592428858,23.07649889262551,20.615847681176536,11.75892990277011,34.09661710571888
261,13.309162792603768,23.128272312766367,20.615847681176536,11.75892990277011,34.09661710571888
262,13.371251992778678,23.180045732907224,20.615847681176536,11.75892990277011,34.09661710571888
263,13.433341192953588,23.231819153048082,20.615847681176536,11.75892990277011,34.09661710571888
264,13.495430393128498,23.28359257318894,20.615847681176536,11.75892990277011,34.09661710571888
265,13.557519593303407,23.3353659933298,20.615847681176536,11.75892990277011,34.09661710571888
266,13.619608793478317,23.387139413470656,20.615847681176536,11.75892990277011,34.09661710571888
267,13.681697993653227,23.438912833611514,20.615847681176536,11.75892990277011,34.09661710571888
268,13.743787193828137,23.490686253752372,20.615847681176536,11.75892990277011,34.09661710571888
269,13.805876394003047,23.54245967389323,20.615847681176536,11.75892990277011,34.09661710571888
270,13.350279040310717,23.306157716645068,19.663388526993124,12.137844013703308,34.63602380275881
271,13.39331214167178,23.346293457020664,19.663388526993124,12.137844013703308,34.63602380275881
272,13.436345243032843,23.38642919739626,19.663388526993124,12.137844013703308,34.63602380275881
273,13.479378344393906,23.426564937771857,19.663388526993124,12.137844013703308,34.63602380275881
274,13.522411445754969,23.466700678147454,19.663388526993124,12.137844013703308,34.63602380275881
275,13.565444547116032,23.50683641852305,19.663388526993124,12.137844013703308,34.63602380275881
276,13.608477648477095,23.546972158898647,19.663388526993124,12.137844013703308,34.63602380275881
277,13.651510749838158,23.587107899274244,19.663388526993124,12.137844013703308,34.63602380275881
278,13.69454385119922,23.62724363964984,19.663388526993124,12.137844013703308,34.63602380275881
279,13.737576952560284,23.667379380025437,19.663388526993124,12.137844013703308,34.63602380275881
280,13.742748065543193,24.576586594379698,22.400555980307498,10.84968857249927,34.95114709569041
281,13.784079518787484,24.65207320641437,22.400555980307498,10.84968857249927,34.95114709569041
282,13.825410972031776,24.727559818449045,22.400555980307498,10.84968857249927,34.95114709569041
283,13.866742425276067,24.803046430483718,22.400555980307498,10.84968857249927,34.95114709569041
284,13.908073878520359,24.87853304251839,22.400555980307498,10.84968857249927,34.95114709569041
285,13.94940533176465,24.954019654553065,22.400555980307498,10.84968857249927,34.95114709569041
286,13.990736785008941,25.029506266587738,22.400555980307498,10.84968857249927,34.95114709569041
287,14.032068238253233,25.10499287862241,22.400555980307498,10.84968857249927,34.95114709569041
288,14.073399691497524,25.180479490657085,22.400555980307498,10.84968857249927,34.95114709569041
289,14.114731144741816,25.255966102691758,22.400555980307498,10.84968857249927,34.95114709569041
290,15.001521394448076,25.329651255459126,22.45918197695413,10.067260854353576,32.71757534047322
291,15.073860529553281,25.40458998899842,22.45918197695413,10.067260854353576,32.71757534047322
292,15.146199664658486,25.479528722537715,22.45918197695413,10.067260854353576,32.71757534047322
293,15.21853879976369,25.55446745607701,22.45918197695413,10.067260854353576,32.71757534047322
294,15.290877934868895,25.629406189616304,22.45918197695413,10.067260854353576,32.71757534047322
295,15.3632170699741,25.7043449231556,22.45918197695413,10.067260854353576,32.71757534047322
296,15.435556205079305,25.779283656694894,22.45918197695413,10.067260854353576,32.71757534047322
297,15.50789534018451,25.854222390234188,22.45918197695413,10.067260854353576,32.71757534047322
298,15.580234475289714,25.929161123773483,22.45918197695413,10.067260854353576,32.71757534047322
299,15.652573610394919,26.004099857312777,22.45918197695413,10.067260854353576,32.71757534047322
300,15.648498036023092,25.620821311421633,22.75434999137749,11.089987672537845,33.09258240580998
301,15.718366149139989,25.677758125271392,22.75434999137749,11.089987672537845,33.09258240580998
302,15.788234262256886,25.73469493912115,22.75434999137749,11.089987672537845,33.09258240580998
303,15.858102375373782,25.79163175297091,22.75434999137749,11.089987672537845,33.09258240580998
304,15.92797048849068,25.84856856682067,22.75434999137749,11.089987672537845,33.09258240580998
305,15.997838601607576,25.90550538067043,22.75434999137749,11.089987672537845,33.09258240580998
306,16.067706714724473,25.96244219452019,22.75434999137749,11.089987672537845,33.09258240580998
307,16.13757482784137,26.01937900836995,22.75434999137749,11.089987672537845,33.09258240580998
308,16.207442940958266,26.07631582221971,22.75434999137749,11.089987672537845,33.09258240580998
309,16.277311054075163,26.133252636069468,22.75434999137749,11.089987672537845,33.09258240580998
310,16.341833296876086,26.560852135205106,24.62067261704084,10.226726368766354,33.22236132819
311,16.41119043616673,26.63229238506901,24.62067261704084,10.226726368766354,33.22236132819
312,16.480547575457376,26.703732634932916,24.62067261704084,10.226726368766354,33.22236132819
313,16.54990471474802,26.77517288479682,24.62067261704084,10.226726368766354,33.22236132819
314,16.619261854038665,26.846613134660725,24.62067261704084,10.226726368766354,33.22236132819
315,16.68861899332931,26.91805338452463,24.62067261704084,10.226726368766354,33.22236132819
316,16.757976132619955,26.989493634388534,24.62067261704084,10.226726368766354,33.22236132819
317,16.8273332719106,27.06093388425244,24.62067261704084,10.226726368766354,33.22236132819
318,16.896690411201245,27.132374134116343,24.62067261704084,10.226726368766354,33.22236132819
319,16.96604755049189,27.203814383980248,24.62067261704084,10.226726368766354,33.22236132819
320,18.078433047485177,26.57652665427769,25.88087117387791,14.04719521155729,31.237919780903994
321,18.187172435089767,26.619945808572293,25.88087117387791,14.04719521155729,31.237919780903994
322,18.295911822694357,26.663364962866897,25.88087117387791,14.04719521155729,31.237919780903994
323,18.404651210298947,26.7067841171615,25.88087117387791,14.04719521155729,31.237919780903994
324,18.513390597903538,26.750203271456105,25.88087117387791,14.04719521155729,31.237919780903994
325,18.622129985508128,26.79362242575071,25.88087117387791,14.04719521155729,31.237919780903994
326,18.730869373112718,26.837041580045312,25.88087117387791,14.04719521155729,31.237919780903994
327,18.839608760717308,26.880460734339916,25.88087117387791,14.04719521155729,31.237919780903994
328,18.948348148321898,26.92387988863452,25.88087117387791,14.04719521155729,31.237919780903994
329,19.057087535926488,26.967299042929124,25.88087117387791,14.04719521155729,31.237919780903994
330,18.483233968729014,25.98158990950463,23.915326186636634,12.649140196186163,31.04360082169546
331,18.567536814578922,25.986582560648678,23.915326186636634,12.649140196186163,31.04360082169546
332,18.65183966042883,25.991575211792725,23.915326186636634,12.649140196186163,31.04360082169546
333,18.73614250627874,25.99656786293677,23.915326186636634,12.649140196186163,31.04360082169546
334,18.820445352128647,26.00156051408082,23.915326186636634,12.649140196186163,31.04360082169546
335,18.904748197978556,26.006553165224865,23.915326186636634,12.649140196186163,31.04360082169546
336,18.989051043828464,26.011545816368912,23.915326186636634,12.649140196186163,31.04360082169546
337,19.073353889678373,26.01653846751296,23.915326186636634,12.649140196186163,31.04360082169546
338,19.15765673552828,26.021531118657006,23.915326186636634,12.649140196186163,31.04360082169546
339,19.24195958137819,26.026523769801052,23.915326186636634,12.649140196186163,31.04360082169546
340,18.805340862871592,27.329251304055393,26.929316387502894,10.587744435349592,32.33428013757202
341,18.86835062583604,27.38428975802324,26.929316387502894,10.587744435349592,32.33428013757202
342,18.93136038880049,27.439328211991086,26.929316387502894,10.587744435349592,32.33428013757202
343,18.994370151764937,27.494366665958932,26.929316387502894,10.587744435349592,32.33428013757202
344,19.057379914729385,27.549405119926778,26.929316387502894,10.587744435349592,32.33428013757202
345,19.120389677693833,27.604443573894624,26.929316387502894,10.587744435349592,32.33428013757202
346,19.18339944065828,27.65948202786247,26.929316387502894,10.587744435349592,32.33428013757202
347,19.24640920362273,27.714520481830316,26.929316387502894,10.587744435349592,32.33428013757202
348,19.309418966587177,27.769558935798162,26.929316387502894,10.587744435349592,32.33428013757202
349,19.372428729551626,27.82459738976601,26.929316387502894,10.587744435349592,32.33428013757202
350,19.236842561970732,27.34819044223773,26.31932259536741,12.84303548066498,31.23116947264294
351,19.29297615204503,27.3831654004987,26.31932259536741,12.84303548066498,31.23116947264294
352,19.349109742119325,27.418140358759672,26.31932259536741,12.84303548066498,31.23116947264294
353,19.40524333219362,27.453115317020643,26.31932259536741,12.84303548066498,31.23116947264294
354,19.461376922267917,27.488090275281614,26.31932259536741,12.84303548066498,31.23116947264294
355,19.517510512342213,27.523065233542585,26.31932259536741,12.84303548066498,31.23116947264294
356,19.57364410241651,27.558040191803556,26.31932259536741,12.84303548066498,31.23116947264294
357,19.629777692490805,27.593015150064527,26.31932259536741,12.84303548066498,31.23116947264294
358,19.6859112825651,27.6279901083255,26.31932259536741,12.84303548066498,31.23116947264294
359,19.742044872639397,27.66296506658647,26.31932259536741,12.84303548066498,31.23116947264294
360,19.32503474102154,28.23331450827373,28.082225380880885,12.406082215200371,32.62089390286578
361,19.362650825046654,28.289203359945926,28.082225380880885,12.406082215200371,32.62089390286578
362,19.400266909071767,28.345092211618123,28.082225380880885,12.406082215200371,32.62089390286578
363,19.43788299309688,28.40098106329032,28.082225380880885,12.406082215200371,32.62089390286578
364,19.475499077121995,28.456869914962517,28.082225380880885,12.406082215200371,32.62089390286578
365,19.51311516114711,28.512758766634715,28.082225380880885,12.406082215200371,32.62089390286578
366,19.550731245172223,28.568647618306912,28.082225380880885,12.406082215200371,32.62089390286578
367,19.588347329197337,28.62453646997911,28.082225380880885,12.406082215200371,32.62089390286578
368,19.62596341322245,28.680425321651306,28.082225380880885,12.406082215200371,32.62089390286578
369,19.663579497247564,28.736314173323503,28.082225380880885,12.406082215200371,32.62089390286578
370,20.311947670136536,27.918375531136732,26.65801502480472,12.023043193797172,29.28395414871821
371,20.373469642188184,27.94045878954449,26.65801502480472,12.023043193797172,29.28395414871821
372,20.43499161423983,27.962542047952248,26.65801502480472,12.023043193797172,29.28395414871821
373,20.496513586291478,27.984625306360005,26.65801502480472,12.023043193797172,29.28395414871821
374,20.558035558343125,28.006708564767763,26.65801502480472,12.023043193797172,29.28395414871821
375,20.619557530394772,28.02879182317552,26.65801502480472,12.023043193797172,29.28395414871821
376,20.68107950244642,28.05087508158328,26.65801502480472,12.023043193797172,29.28395414871821
377,20.742601474498066,28.072958339991036,26.65801502480472,12.023043193797172,29.28395414871821
378,20.804123446549713,28.095041598398794,26.65801502480472,12.023043193797172,29.28395414871821
379,20.86564541860136,28.11712485680655,26.65801502480472,12.023043193797172,29.28395414871821
380,21.929396958826246,28.618105105828104,29.16814408818092,12.47052058603026,28.61543882127771
381,22.028708395192854,28.65708572508575,29.16814408818092,12.47052058603026,28.61543882127771
382,22.128019831559463,28.696066344343397,29.16814408818092,12.47052058603026,28.61543882127771
383,22.227331267926072,28.735046963601043,29.16814408818092,12.47052058603026,28.61543882127771
384,22.32664270429268,28.77402758285869,29.16814408818092,12.47052058603026,28.61543882127771
385,22.42595414065929,28.813008202116336,29.16814408818092,12.47052058603026,28.61543882127771
386,22.5252655770259,28.851988821373983,29.16814408818092,12.47052058603026,28.61543882127771
387,22.624577013392507,28.89096944063163,29.16814408818092,12.47052058603026,28.61543882127771
388,22.723888449759116,28.929950059889276,29.16814408818092,12.47052058603026,28.61543882127771
389,22.823199886125725,28.968930679146922,29.16814408818092,12.47052058603026,28.61543882127771
390,22.293442871445457,29.707231935295994,30.48927164335825,13.03925185013772,31.049465220716193
391,22.36702082187525,29.773939916413322,30.48927164335825,13.03925185013772,31.049465220716193
392,22.440598772305044,29.84064789753065,30.48927164335825,13.03925185013772,31.049465220716193
393,22.514176722734838,29.90735587864798,30.48927164335825,13.03925185013772,31.049465220716193
394,22.587754673164632,29.97406385976531,30.48927164335825,13.03925185013772,31.049465220716193
395,22.661332623594426,30.040771840882638,30.48927164335825,13.03925185013772,31.049465220716193
396,22.73491057402422,30.107479821999966,30.48927164335825,13.03925185013772,31.049465220716193
397,22.808488524454013,30.174187803117295,30.48927164335825,13.03925185013772,31.049465220716193
398,22.882066474883807,30.240895784234624,30.48927164335825,13.03925185013772,31.049465220716193
399,22.9556444253136,30.307603765351953,30.48927164335825,13.03925185013772,31.049465220716193
400,24.337844024985166,30.40119439247325,33.0206856247486,16.842081866761237,28.89039714074169
401,24.462104053884765,30.46725978527204,33.0206856247486,16.842081866761237,28.89039714074169
402,24.586364082784364,30.533325178070832,33.0206856247486,16.842081866761237,28.89039714074169
403,24.710624111683963,30.599390570869623,33.0206856247486,16.842081866761237,28.89039714074169
404,24.83488414058356,30.665455963668414,33.0206856247486,16.842081866761237,28.89039714074169
405,24.95914416948316,30.731521356467205,33.0206856247486,16.842081866761237,28.89039714074169
406,25.08340419838276,30.797586749265996,33.0206856247486,16.842081866761237,28.89039714074169
407,25.207664227282358,30.863652142064787,33.0206856247486,16.842081866761237,28.89039714074169
408,25.331924256181956,30.929717534863578,33.0206856247486,16.842081866761237,28.89039714074169
409,25.456184285081555,30.99578292766237,33.0206856247486,16.842081866761237,28.89039714074169
410,25.122334311911853,30.738316776705254,32.47239938814388,15.973862673159484,29.077873639936566
411,25.22913963140843,30.792601706982342,32.47239938814388,15.973862673159484,29.077873639936566
412,25.335944950905006,30.84688663725943,32.47239938814388,15.973862673159484,29.077873639936566
413,25.442750270401582,30.90117156753652,32.47239938814388,15.973862673159484,29.077873639936566
414,25.54955558989816,30.955456497813607,32.47239938814388,15.973862673159484,29.077873639936566
415,25.656360909394735,31.009741428090695,32.47239938814388,15.973862673159484,29.077873639936566
416,25.76316622889131,31.064026358367784,32.47239938814388,15.973862673159484,29.077873639936566
417,25.869971548387888,31.118311288644872,32.47239938814388,15.973862673159484,29.077873639936566
418,25.976776867884464,31.17259621892196,32.47239938814388,15.973862673159484,29.077873639936566
419,26.08358218738104,31.22688114919905,32.47239938814388,15.973862673159484,29.077873639936566
420,26.505482698267084,32.25586625223972,34.72404995875541,15.316197061897363,28.47766932789102
421,26.62340537179932,32.3469287099107,34.72404995875541,15.316197061897363,28.47766932789102
422,26.741328045331553,32.43799116758168,34.72404995875541,15.316197061897363,28.47766932789102
423,26.859250718863787,32.52905362525266,34.72404995875541,15.316197061897363,28.47766932789102
424,26.977173392396022,32.62011608292364,34.72404995875541,15.316197061897363,28.47766932789102
425,27.095096065928256,32.71117854059462,34.72404995875541,15.316197061897363,28.47766932789102
426,27.21301873946049,32.802240998265596,34.72404995875541,15.316197061897363,28.47766932789102
427,27.330941412992726,32.893303455936575,34.72404995875541,15.316197061897363,28.47766932789102
428,27.44886408652496,32.984365913607554,34.72404995875541,15.316197061897363,28.47766932789102
429,27.566786760057195,33.075428371278534,34.72404995875541,15.316197061897363,28.47766932789102
430,26.340760362542284,31.562154123008316,32.816149348081645,17.405404342971877,29.0495954401114
431,26.40721631499437,31.59236524583271,32.816149348081645,17.405404342971877,29.0495954401114
432,26.473672267446453,31.622576368657104,32.816149348081645,17.405404342971877,29.0495954401114
433,26.540128219898538,31.652787491481497,32.816149348081645,17.405404342971877,29.0495954401114
434,26.606584172350622,31.68299861430589,32.816149348081645,17.405404342971877,29.0495954401114
435,26.673040124802707,31.713209737130285,32.816149348081645,17.405404342971877,29.0495954401114
436,26.739496077254792,31.74342085995468,32.816149348081645,17.405404342971877,29.0495954401114
437,26.805952029706877,31.773631982779072,32.816149348081645,17.405404342971877,29.0495954401114
438,26.87240798215896,31.803843105603466,32.816149348081645,17.405404342971877,29.0495954401114
439,26.938863934611046,31.83405422842786,32.816149348081645,17.405404342971877,29.0495954401114
440,27.733920982381868,32.036507719546044,35.634860104346735,18.19597854473756,27.593507888862515
441,27.828916962607895,32.07249683901612,35.634860104346735,18.19597854473756,27.593507888862515
442,27.923912942833923,32.10848595848619,35.634860104346735,18.19597854473756,27.593507888862515
443,28.01890892305995,32.144475077956265,35.634860104346735,18.19597854473756,27.593507888862515
444,28.113904903285977,32.18046419742634,35.634860104346735,18.19597854473756,27.593507888862515
445,28.208900883512005,32.21645331689641,35.634860104346735,18.19597854473756,27.593507888862515
446,28.303896863738032,32.252442436366486,35.634860104346735,18.19597854473756,27.593507888862515
447,28.39889284396406,32.28843155583656,35.634860104346735,18.19597854473756,27.593507888862515
448,28.493888824190087,32.324420675306634,35.634860104346735,18.19597854473756,27.593507888862515
449,28.588884804416114,32.36040979477671,35.634860104346735,18.19597854473756,27.593507888862515
450,29.43212849253141,30.942940016395134,35.999380027752125,22.24263701346541,26.153165752070997
451,29.558594871359155,30.92203474059491,35.999380027752125,22.24263701346541,26.153165752070997
452,29.685061250186898,30.901129464794685,35.999380027752125,22.24263701346541,26.153165752070997
453,29.81152762901464,30.88022418899446,35.999380027752125,22.24263701346541,26.153165752070997
454,29.937994007842384,30.859318913194237,35.999380027752125,22.24263701346541,26.153165752070997
455,30.064460386670127,30.838413637394012,35.999380027752125,22.24263701346541,26.153165752070997
456,30.19092676549787,30.817508361593788,35.999380027752125,22.24263701346541,26.153165752070997
457,30.317393144325614,30.796603085793564,35.999380027752125,22.24263701346541,26.153165752070997
458,30.443859523153357,30.77569780999334,35.999380027752125,22.24263701346541,26.153165752070997
459,30.5703259019811,30.754792534193115,35.999380027752125,22.24263701346541,26.153165752070997
460,30.673601852077365,31.503973570256196,38.11477195489095,22.207226926529955,27.465791374541585
461,30.7981378584488,31.512405331294875,38.11477195489095,22.207226926529955,27.465791374541585
462,30.922673864820236,31.520837092333554,38.11477195489095,22.207226926529955,27.465791374541585
463,31.047209871191672,31.529268853372233,38.11477195489095,22.207226926529955,27.465791374541585
464,31.171745877563108,31.537700614410912,38.11477195489095,22.207226926529955,27.465791374541585
465,31.296281883934544,31.54613237544959,38.11477195489095,22.207226926529955,27.465791374541585
466,31.42081789030598,31.55456413648827,38.11477195489095,22.207226926529955,27.465791374541585
467,31.545353896677415,31.56299589752695,38.11477195489095,22.207226926529955,27.465791374541585
468,31.66988990304885,31.57142765856563,38.11477195489095,22.207226926529955,27.465791374541585
469,31.794425909420287,31.579859419604308,38.11477195489095,22.207226926529955,27.465791374541585
470,32.2894435558353,33.265509769842744,40.40391561714401,22.6129798195057,27.57971445565617
471,32.42718625650815,33.337351086496554,40.40391561714401,22.6129798195057,27.57971445565617
472,32.564928957181,33.409192403150364,40.40391561714401,22.6129798195057,27.57971445565617
473,32.702671657853855,33.481033719804174,40.40391561714401,22.6129798195057,27.57971445565617
474,32.84041435852671,33.55287503645798,40.40391561714401,22.6129798195057,27.57971445565617
475,32.97815705919956,33.62471635311179,40.40391561714401,22.6129798195057,27.57971445565617
476,33.11589975987241,33.6965576697656,40.40391561714401,22.6129798195057,27.57971445565617
477,33.253642460545265,33.76839898641941,40.40391561714401,22.6129798195057,27.57971445565617
478,33.39138516121812,33.84024030307322,40.40391561714401,22.6129798195057,27.57971445565617
479,33.52912786189097,33.91208161972703,40.40391561714401,22.6129798195057,27.57971445565617
480,34.48235205067354,35.021674139436996,42.16446644310852,23.598211407137715,26.30863269794772
481,34.65239981038368,35.133268902832,42.16446644310852,23.598211407137715,26.30863269794772
482,34.822447570093814,35.244863666227005,42.16446644310852,23.598211407137715,26.30863269794772
483,34.99249532980395,35.35645842962201,42.16446644310852,23.598211407137715,26.30863269794772
484,35.16254308951409,35.46805319301701,42.16446644310852,23.598211407137715,26.30863269794772
485,35.332590849224225,35.57964795641202,42.16446644310852,23.598211407137715,26.30863269794772
486,35.50263860893436,35.69124271980702,42.16446644310852,23.598211407137715,26.30863269794772
487,35.6726863686445,35.802837483202026,42.16446644310852,23.598211407137715,26.30863269794772
488,35.842734128354635,35.91443224659703,42.16446644310852,23.598211407137715,26.30863269794772
489,36.01278188806477,36.026027009992035,42.16446644310852,23.598211407137715,26.30863269794772
490,35.62185892757105,35.67225642444232,42.740623737218854,25.141097676811285,27.08445518105566
491,35.76909806827915,35.76542893522922,42.740623737218854,25.141097676811285,27.08445518105566
492,35.91633720898725,35.85860144601612,42.740623737218854,25.141097676811285,27.08445518105566
493,36.06357634969535,35.95177395680302,42.740623737218854,25.141097676811285,27.08445518105566
494,36.210815490403455,36.04494646758992,42.740623737218854,25.141097676811285,27.08445518105566
495,36.35805463111156,36.138118978376816,42.740623737218854,25.141097676811285,27.08445518105566
496,36.50529377181966,36.231291489163716,42.740623737218854,25.141097676811285,27.08445518105566
497,36.65253291252776,36.324463999950616,42.740623737218854,25.141097676811285,27.08445518105566
498,36.79977205323586,36.417636510737516,42.740623737218854,25.141097676811285,27.08445518105566
499,36.947011193943965,36.510809021524416,42.740623737218854,25.141097676811285,27.08445518105566
500,37.00782917261198,35.50058294860327,43.369973467718225,26.679677782824527,25.554214206083156
501,37.15123309315779,35.55016842036343,43.369973467718225,26.679677782824527,25.554214206083156
502,37.29463701370361,35.59975389212359,43.369973467718225,26.679677782824527,25.554214206083156
503,37.43804093424942,35.64933936388375,43.369973467718225,26.679677782824527,25.554214206083156
504,37.58144485479524,35.69892483564391,43.369973467718225,26.679677782824527,25.554214206083156
505,37.72484877534105,35.74851030740407,43.369973467718225,26.679677782824527,25.554214206083156
506,37.868252695886866,35.79809577916423,43.369973467718225,26.679677782824527,25.554214206083156
507,38.01165661643268,35.84768125092439,43.369973467718225,26.679677782824527,25.554214206083156
508,38.155060536978496,35.89726672268455,43.369973467718225,26.679677782824527,25.554214206083156
509,38.29846445752431,35.94685219444471,43.369973467718225,26.679677782824527,25.554214206083156
510,39.36411142104045,36.413105652680954,45.72983746979334,27.68906133099982,24.497834475442524
511,39.54528399262868,36.47938185774298,45.72983746979334,27.68906133099982,24.497834475442524
512,39.72645656421692,36.545658062805,45.72983746979334,27.68906133099982,24.497834475442524
513,39.90762913580515,36.61193426786703,45.72983746979334,27.68906133099982,24.497834475442524
514,40.08880170739339,36.67821047292905,45.72983746979334,27.68906133099982,24.497834475442524
515,40.26997427898162,36.74448667799108,45.72983746979334,27.68906133099982,24.497834475442524
516,40.451146850569856,36.8107628830531,45.72983746979334,27.68906133099982,24.497834475442524
517,40.63231942215809,36.877039088115126,45.72983746979334,27.68906133099982,24.497834475442524
518,40.813491993746325,36.94331529317715,45.72983746979334,27.68906133099982,24.497834475442524
519,40.99466456533456,37.009591498239175,45.72983746979334,27.68906133099982,24.497834475442524
520,40.25317488531802,35.22624066030328,45.363139409001754,30.566888958531408,25.139570616808605
521,40.39473179884125,35.21867363757296,45.363139409001754,30.566888958531408,25.139570616808605
522,40.53628871236448,35.21110661484264,45.363139409001754,30.566888958531408,25.139570616808605
523,40.67784562588771,35.20353959211232,45.363139409001754,30.566888958531408,25.139570616808605
524,40.819402539410945,35.195972569382,45.363139409001754,30.566888958531408,25.139570616808605
525,40.960959452934176,35.18840554665168,45.363139409001754,30.566888958531408,25.139570616808605
526,41.10251636645741,35.18083852392136,45.363139409001754,30.566888958531408,25.139570616808605
527,41.24407327998064,35.17327150119104,45.363139409001754,30.566888958531408,25.139570616808605
528,41.38563019350387,35.16570447846072,45.363139409001754,30.566888958531408,25.139570616808605
529,41.5271871070271,35.1581374557304,45.363139409001754,30.566888958531408,25.139570616808605
530,42.32588344844441,34.96747194693937,47.48186464743266,31.881694129021668,23.58999327606449
531,42.49421675553,34.953481224949364,47.48186464743266,31.881694129021668,23.58999327606449
532,42.66255006261559,34.93949050295936,47.48186464743266,31.881694129021668,23.58999327606449
533,42.830883369701176,34.92549978096935,47.48186464743266,31.881694129021668,23.58999327606449
534,42.999216676786766,34.91150905897935,47.48186464743266,31.881694129021668,23.58999327606449
535,43.167549983872355,34.89751833698934,47.48186464743266,31.881694129021668,23.58999327606449
536,43.335883290957945,34.88352761499934,47.48186464743266,31.881694129021668,23.58999327606449
537,43.504216598043534,34.86953689300933,47.48186464743266,31.881694129021668,23.58999327606449
538,43.672549905129124,34.85554617101933,47.48186464743266,31.881694129021668,23.58999327606449
539,43.84088321221471,34.84155544902932,47.48186464743266,31.881694129021668,23.58999327606449
540,45.56062893289346,35.85132888134038,49.37981335025934,32.559420276161504,20.692648913669306
541,45.79419618944257,35.87828731578297,49.37981335025934,32.559420276161504,20.692648913669306
542,46.02776344599169,35.90524575022556,49.37981335025934,32.559420276161504,20.692648913669306
543,46.2613307025408,35.93220418466815,49.37981335025934,32.559420276161504,20.692648913669306
544,46.49489795908992,35.95916261911074,49.37981335025934,32.559420276161504,20.692648913669306
545,46.728465215639034,35.98612105355333,49.37981335025934,32.559420276161504,20.692648913669306
546,46.96203247218815,36.013079487995924,49.37981335025934,32.559420276161504,20.692648913669306
547,47.195599728737264,36.040037922438515,49.37981335025934,32.559420276161504,20.692648913669306
548,47.42916698528638,36.066996356881106,49.37981335025934,32.559420276161504,20.692648913669306
549,47.662734241835494,36.093954791323696,49.37981335025934,32.559420276161504,20.692648913669306
550,44.17867564496353,34.22593371874716,45.6218303400359,31.948920962111334,23.296421295194786
551,44.252254860760594,34.17236598486179,45.6218303400359,31.948920962111334,23.296421295194786
552,44.325834076557655,34.118798250976425,45.6218303400359,31.948920962111334,23.296421295194786
553,44.399413292354716,34.06523051709106,45.6218303400359,31.948920962111334,23.296421295194786
554,44.472992508151776,34.01166278320569,45.6218303400359,31.948920962111334,23.296421295194786
555,44.54657172394884,33.95809504932033,45.6218303400359,31.948920962111334,23.296421295194786
556,44.6201509397459,33.90452731543496,45.6218303400359,31.948920962111334,23.296421295194786
557,44.69373015554296,33.850959581549596,45.6218303400359,31.948920962111334,23.296421295194786
558,44.76730937134002,33.79739184766423,45.6218303400359,31.948920962111334,23.296421295194786
559,44.84088858713708,33.743824113778864,45.6218303400359,31.948920962111334,23.296421295194786
560,43.166084286046974,32.358463087199574,46.06277644210941,33.43942693231275,23.206337306485352
561,43.16495704695657,32.25216395349038,46.06277644210941,33.43942693231275,23.206337306485352
562,43.16382980786617,32.14586481978119,46.06277644210941,33.43942693231275,23.206337306485352
563,43.16270256877577,32.039565686071995,46.06277644210941,33.43942693231275,23.206337306485352
564,43.16157532968537,31.933266552362802,46.06277644210941,33.43942693231275,23.206337306485352
565,43.16044809059497,31.82696741865361,46.06277644210941,33.43942693231275,23.206337306485352
566,43.15932085150457,31.720668284944416,46.06277644210941,33.43942693231275,23.206337306485352
567,43.158193612414166,31.614369151235223,46.06277644210941,33.43942693231275,23.206337306485352
568,43.157066373323765,31.50807001752603,46.06277644210941,33.43942693231275,23.206337306485352
569,43.155939134233364,31.401770883816837,46.06277644210941,33.43942693231275,23.206337306485352
570,43.489162759194656,30.706698034201608,46.39425686889854,34.41815928389688,20.63003764774345
571,43.50105606904775,30.579311655067766,46.39425686889854,34.41815928389688,20.63003764774345
572,43.51294937890084,30.451925275933924,46.39425686889854,34.41815928389688,20.63003764774345
573,43.524842688753935,30.32453889680008,46.39425686889854,34.41815928389688,20.63003764774345
574,43.53673599860703,30.19715251766624,46.39425686889854,34.41815928389688,20.63003764774345
575,43.54862930846012,30.069766138532398,46.39425686889854,34.41815928389688,20.63003764774345
576,43.560522618313215,29.942379759398555,46.39425686889854,34.41815928389688,20.63003764774345
577,43.57241592816631,29.814993380264713,46.39425686889854,34.41815928389688,20.63003764774345
578,43.5843092380194,29.68760700113087,46.39425686889854,34.41815928389688,20.63003764774345
579,43.596202547872494,29.56022062199703,46.39425686889854,34.41815928389688,20.63003764774345
580,43.14282500314608,30.89516153430612,46.53563785783399,32.93952518303378,22.366072916939924
581,43.13725766607166,30.81929796584763,46.53563785783399,32.93952518303378,22.366072916939924
582,43.131690328997244,30.743434397389137,46.53563785783399,32.93952518303378,22.366072916939924
583,43.12612299192283,30.667570828930646,46.53563785783399,32.93952518303378,22.366072916939924
584,43.12055565484841,30.591707260472155,46.53563785783399,32.93952518303378,22.366072916939924
585,43.11498831777399,30.515843692013664,46.53563785783399,32.93952518303378,22.366072916939924
586,43.109420980699575,30.439980123555173,46.53563785783399,32.93952518303378,22.366072916939924
587,43.10385364362516,30.364116555096683,46.53563785783399,32.93952518303378,22.366072916939924
588,43.09828630655074,30.28825298663819,46.53563785783399,32.93952518303378,22.366072916939924
589,43.09271896947632,30.2123894181797,46.53563785783399,32.93952518303378,22.366072916939924
590,44.10171106076938,30.869276041826627,47.196061030254825,34.13788502053699,20.132933006345265
591,44.138966227403714,30.82091144794068,47.196061030254825,34.13788502053699,20.132933006345265
592,44.176221394038045,30.772546854054735,47.196061030254825,34.13788502053699,20.132933006345265
593,44.213476560672376,30.72418226016879,47.196061030254825,34.13788502053699,20.132933006345265
594,44.25073172730671,30.675817666282843,47.196061030254825,34.13788502053699,20.132933006345265
595,44.28798689394104,30.627453072396897,47.196061030254825,34.13788502053699,20.132933006345265
596,44.32524206057537,30.57908847851095,47.196061030254825,34.13788502053699,20.132933006345265
597,44.3624972272097,30.530723884625004,47.196061030254825,34.13788502053699,20.132933006345265
598,44.39975239384403,30.48235929073906,47.196061030254825,34.13788502053699,20.132933006345265
599,44.437007560478364,30.433994696853112,47.196061030254825,34.13788502053699,20.132933006345265
600,44.88637500787635,30.286823311895677,46.824971797029114,34.720189035167195,18.732772149415105
601,44.940649088245316,30.235492130121276,46.824971797029114,34.720189035167195,18.732772149415105
602,44.99492316861428,30.184160948346875,46.824971797029114,34.720189035167195,18.732772149415105
603,45.04919724898324,30.132829766572474,46.824971797029114,34.720189035167195,18.732772149415105
604,45.1034713293522,30.081498584798073,46.824971797029114,34.720189035167195,18.732772149415105
605,45.157745409721166,30.030167403023672,46.824971797029114,34.720189035167195,18.732772149415105
606,45.21201949009013,29.97883622124927,46.824971797029114,34.720189035167195,18.732772149415105
607,45.26629357045909,29.92750503947487,46.824971797029114,34.720189035167195,18.732772149415105
608,45.32056765082805,29.87617385770047,46.824971797029114,34.720189035167195,18.732772149415105
609,45.374841731197016,29.824842675926067,46.824971797029114,34.720189035167195,18.732772149415105
610,44.32069039057696,29.149089037707533,45.73075601292444,34.98984824697071,20.08429738952169
611,44.327604108816885,29.073843919350576,45.73075601292444,34.98984824697071,20.08429738952169
612,44.334517827056814,28.99859880099362,45.73075601292444,34.98984824697071,20.08429738952169
613,44.34143154529674,28.923353682636662,45.73075601292444,34.98984824697071,20.08429738952169
614,44.34834526353667,28.848108564279705,45.73075601292444,34.98984824697071,20.08429738952169
615,44.3552589817766,28.77286344592275,45.73075601292444,34.98984824697071,20.08429738952169
616,44.36217270001653,28.69761832756579,45.73075601292444,34.98984824697071,20.08429738952169
617,44.36908641825646,28.622373209208835,45.73075601292444,34.98984824697071,20.08429738952169
618,44.37600013649639,28.547128090851878,45.73075601292444,34.98984824697071,20.08429738952169
619,44.382913854736316,28.47188297249492,45.73075601292444,34.98984824697071,20.08429738952169
620,45.79257848894187,29.537930033233785,47.732863964375355,35.50604477906603,17.75629538431345
621,45.85923657004735,29.50415581614385,47.732863964375355,35.50604477906603,17.75629538431345
622,45.92589465115283,29.470381599053916,47.732863964375355,35.50604477906603,17.75629538431345
623,45.99255273225831,29.43660738196398,47.732863964375355,35.50604477906603,17.75629538431345
624,46.05921081336379,29.402833164874046,47.732863964375355,35.50604477906603,17.75629538431345
625,46.12586889446927,29.36905894778411,47.732863964375355,35.50604477906603,17.75629538431345
626,46.19252697557475,29.335284730694177,47.732863964375355,35.50604477906603,17.75629538431345
627,46.25918505668023,29.301510513604242,47.732863964375355,35.50604477906603,17.75629538431345
628,46.32584313778571,29.267736296514308,47.732863964375355,35.50604477906603,17.75629538431345
629,46.39250121889119,29.233962079424373,47.732863964375355,35.50604477906603,17.75629538431345
630,45.513904852763304,29.607779802148162,46.0630850705929,33.90629876077955,17.61759388795979
631,45.54152262958878,29.58681887494827,46.0630850705929,33.90629876077955,17.61759388795979
632,45.56914040641426,29.56585794774838,46.0630850705929,33.90629876077955,17.61759388795979
633,45.59675818323974,29.54489702054849,46.0630850705929,33.90629876077955,17.61759388795979
634,45.62437596006522,29.5239360933486,46.0630850705929,33.90629876077955,17.61759388795979
635,45.6519937368907,29.50297516614871,46.0630850705929,33.90629876077955,17.61759388795979
636,45.67961151371618,29.482014238948818,46.0630850705929,33.90629876077955,17.61759388795979
637,45.70722929054166,29.461053311748927,46.0630850705929,33.90629876077955,17.61759388795979
638,45.73484706736714,29.440092384549036,46.0630850705929,33.90629876077955,17.61759388795979
639,45.76246484419262,29.419131457349145,46.0630850705929,33.90629876077955,17.61759388795979
640,45.33945568535296,28.82599429215525,45.88311713754459,35.17537060215129,17.197423304814297
641,45.34725611247099,28.784242375007572,45.88311713754459,35.17537060215129,17.197423304814297
642,45.355056539589015,28.742490457859894,45.88311713754459,35.17537060215129,17.197423304814297
643,45.36285696670704,28.700738540712216,45.88311713754459,35.17537060215129,17.197423304814297
644,45.37065739382507,28.658986623564537,45.88311713754459,35.17537060215129,17.197423304814297
645,45.3784578209431,28.61723470641686,45.88311713754459,35.17537060215129,17.197423304814297
646,45.386258248061125,28.57548278926918,45.88311713754459,35.17537060215129,17.197423304814297
647,45.39405867517915,28.533730872121502,45.88311713754459,35.17537060215129,17.197423304814297
648,45.40185910229718,28.491978954973824,45.88311713754459,35.17537060215129,17.197423304814297
649,45.40965952941521,28.450227037826146,45.88311713754459,35.17537060215129,17.197423304814297
650,45.066575192132795,28.611840218878555,46.198335561575526,35.0929766431702,18.362770093846613
651,45.05985746434232,28.576750795817325,46.198335561575526,35.0929766431702,18.362770093846613
652,45.05313973655185,28.541661372756096,46.198335561575526,35.0929766431702,18.362770093846613
653,45.046422008761375,28.506571949694866,46.198335561575526,35.0929766431702,18.362770093846613
654,45.0397042809709,28.471482526633636,46.198335561575526,35.0929766431702,18.362770093846613
655,45.03298655318043,28.436393103572406,46.198335561575526,35.0929766431702,18.362770093846613
656,45.026268825389955,28.401303680511177,46.198335561575526,35.0929766431702,18.362770093846613
657,45.01955109759948,28.366214257449947,46.198335561575526,35.0929766431702,18.362770093846613
658,45.01283336980901,28.331124834388717,46.198335561575526,35.0929766431702,18.362770093846613
659,45.006115642018536,28.296035411327487,46.198335561575526,35.0929766431702,18.362770093846613
660,45.45211227966899,27.77987046973325,46.52397774794266,36.73411323311247,17.39529246554542
661,45.46379491110842,27.728667710871648,46.52397774794266,36.73411323311247,17.39529246554542
662,45.47547754254786,27.677464952010045,46.52397774794266,36.73411323311247,17.39529246554542
663,45.48716017398729,27.626262193148442,46.52397774794266,36.73411323311247,17.39529246554542
664,45.498842805426726,27.57505943428684,46.52397774794266,36.73411323311247,17.39529246554542
665,45.51052543686616,27.523856675425236,46.52397774794266,36.73411323311247,17.39529246554542
666,45.522208068305595,27.472653916563633,46.52397774794266,36.73411323311247,17.39529246554542
667,45.53389069974503,27.42145115770203,46.52397774794266,36.73411323311247,17.39529246554542
668,45.545573331184464,27.370248398840427,46.52397774794266,36.73411323311247,17.39529246554542
669,45.5572559626239,27.319045639978825,46.52397774794266,36.73411323311247,17.39529246554542
670,45.66077429906761,26.614769593139968,45.70151721795257,36.80772719805701,15.66407745827815
671,45.67551192572324,26.541563682564195,45.70151721795257,36.80772719805701,15.66407745827815
672,45.69024955237887,26.468357771988423,45.70151721795257,36.80772719805701,15.66407745827815
673,45.704987179034504,26.39515186141265,45.70151721795257,36.80772719805701,15.66407745827815
674,45.719724805690134,26.321945950836877,45.70151721795257,36.80772719805701,15.66407745827815
675,45.734462432345765,26.248740040261104,45.70151721795257,36.80772719805701,15.66407745827815
676,45.749200059001396,26.17553412968533,45.70151721795257,36.80772719805701,15.66407745827815
677,45.76393768565703,26.10232821910956,45.70151721795257,36.80772719805701,15.66407745827815
678,45.77867531231266,26.029122308533786,45.70151721795257,36.80772719805701,15.66407745827815
679,45.79341293896829,25.955916397958013,45.70151721795257,36.80772719805701,15.66407745827815
680,44.92225152118038,25.5513060295867,44.181842713548264,35.69944152602321,15.272097504828043
681,44.899525435065584,25.466247468402642,44.181842713548264,35.69944152602321,15.272097504828043
682,44.87679934895079,25.381188907218583,44.181842713548264,35.69944152602321,15.272097504828043
683,44.854073262835996,25.296130346034523,44.181842713548264,35.69944152602321,15.272097504828043
684,44.8313471767212,25.211071784850464,44.181842713548264,35.69944152602321,15.272097504828043
685,44.80862109060641,25.126013223666405,44.181842713548264,35.69944152602321,15.272097504828043
686,44.785895004491614,25.040954662482346,44.181842713548264,35.69944152602321,15.272097504828043
687,44.76316891837682,24.955896101298286,44.181842713548264,35.69944152602321,15.272097504828043
688,44.740442832262026,24.870837540114227,44.181842713548264,35.69944152602321,15.272097504828043
689,44.71771674614723,24.785778978930168,44.181842713548264,35.69944152602321,15.272097504828043
690,44.57762878056797,25.196403275502043,45.234270926260244,36.4978182424694,17.491304084960504
691,44.5503810669292,25.127470896621993,45.234270926260244,36.4978182424694,17.491304084960504
692,44.523133353290426,25.058538517741944,45.234270926260244,36.4978182424694,17.491304084960504
693,44.495885639651654,24.989606138861895,45.234270926260244,36.4978182424694,17.491304084960504
694,44.46863792601288,24.920673759981845,45.234270926260244,36.4978182424694,17.491304084960504
695,44.44139021237411,24.851741381101796,45.234270926260244,36.4978182424694,17.491304084960504
696,44.41414249873534,24.782809002221747,45.234270926260244,36.4978182424694,17.491304084960504
697,44.386894785096565,24.713876623341697,45.234270926260244,36.4978182424694,17.491304084960504
698,44.35964707145779,24.644944244461648,45.234270926260244,36.4978182424694,17.491304084960504
699,44.33239935781902,24.5760118655816,45.234270926260244,36.4978182424694,17.491304084960504
700,45.93082371479405,26.099943523329948,47.38276328376026,37.41998640069708,16.951046633263445
701,45.97248653955917,26.083813955688598,47.38276328376026,37.41998640069708,16.951046633263445
702,46.01414936432429,26.067684388047248,47.38276328376026,37.41998640069708,16.951046633263445
703,46.05581218908941,26.051554820405897,47.38276328376026,37.41998640069708,16.951046633263445
704,46.09747501385453,26.035425252764547,47.38276328376026,37.41998640069708,16.951046633263445
705,46.13913783861965,26.019295685123197,47.38276328376026,37.41998640069708,16.951046633263445
706,46.180800663384765,26.003166117481847,47.38276328376026,37.41998640069708,16.951046633263445
707,46.222463488149884,25.987036549840496,47.38276328376026,37.41998640069708,16.951046633263445
708,46.264126312915,25.970906982199146,47.38276328376026,37.41998640069708,16.951046633263445
709,46.30578913768012,25.954777414557796,47.38276328376026,37.41998640069708,16.951046633263445
710,46.17304564548596,25.07878779095656,45.214641431966704,37.691906792476686,13.984147954285442
711,46.20646176438127,25.034323877670722,45.214641431966704,37.691906792476686,13.984147954285442
712,46.23987788327657,24.989859964384884,45.214641431966704,37.691906792476686,13.984147954285442
713,46.27329400217187,24.945396051099046,45.214641431966704,37.691906792476686,13.984147954285442
714,46.30671012106718,24.900932137813207,45.214641431966704,37.691906792476686,13.984147954285442
715,46.34012623996248,24.85646822452737,45.214641431966704,37.691906792476686,13.984147954285442
716,46.37354235885778,24.81200431124153,45.214641431966704,37.691906792476686,13.984147954285442
717,46.406958477753086,24.767540397955692,45.214641431966704,37.691906792476686,13.984147954285442
718,46.44037459664839,24.723076484669853,45.214641431966704,37.691906792476686,13.984147954285442
719,46.47379071554369,24.678612571384015,45.214641431966704,37.691906792476686,13.984147954285442
720,46.06151543687981,24.610188840519285,45.0320300161035,37.016466591033854,14.061518130724368
721,46.07620754919079,24.564532380631512,45.0320300161035,37.016466591033854,14.061518130724368
722,46.09089966150177,24.51887592074374,45.0320300161035,37.016466591033854,14.061518130724368
723,46.105591773812755,24.473219460855965,45.0320300161035,37.016466591033854,14.061518130724368
724,46.12028388612374,24.427563000968192,45.0320300161035,37.016466591033854,14.061518130724368
725,46.13497599843472,24.38190654108042,45.0320300161035,37.016466591033854,14.061518130724368
726,46.1496681107457,24.336250081192645,45.0320300161035,37.016466591033854,14.061518130724368
727,46.16436022305668,24.290593621304872,45.0320300161035,37.016466591033854,14.061518130724368
728,46.179052335367665,24.2449371614171,45.0320300161035,37.016466591033854,14.061518130724368
729,46.19374444767865,24.199280701529325,45.0320300161035,37.016466591033854,14.061518130724368
730,45.368099540563655,23.774667775012475,43.34468276768328,36.16085316721882,11.806496189236379
731,45.347155964427564,23.71628630593866,43.34468276768328,36.16085316721882,11.806496189236379
732,45.326212388291474,23.657904836864844,43.34468276768328,36.16085316721882,11.806496189236379
733,45.30526881215538,23.59952336779103,43.34468276768328,36.16085316721882,11.806496189236379
734,45.28432523601929,23.541141898717214,43.34468276768328,36.16085316721882,11.806496189236379
735,45.2633816598832,23.4827604296434,43.34468276768328,36.16085316721882,11.806496189236379
736,45.24243808374711,23.424378960569584,43.34468276768328,36.16085316721882,11.806496189236379
737,45.22149450761102,23.36599749149577,43.34468276768328,36.16085316721882,11.806496189236379
738,45.20055093147493,23.307616022421954,43.34468276768328,36.16085316721882,11.806496189236379
739,45.17960735533884,23.24923455334814,43.34468276768328,36.16085316721882,11.806496189236379
740,46.005785040315544,24.05028293041245,45.15897848646329,36.82397531534562,11.86175346970771
741,46.02098750654958,24.019525648333925,45.15897848646329,36.82397531534562,11.86175346970771
742,46.03618997278362,23.9887683662554,45.15897848646329,36.82397531534562,11.86175346970771
743,46.051392439017654,23.958011084176874,45.15897848646329,36.82397531534562,11.86175346970771
744,46.06659490525169,23.92725380209835,45.15897848646329,36.82397531534562,11.86175346970771
745,46.08179737148573,23.896496520019824,45.15897848646329,36.82397531534562,11.86175346970771
746,46.096999837719764,23.8657392379413,45.15897848646329,36.82397531534562,11.86175346970771
747,46.1122023039538,23.834981955862773,45.15897848646329,36.82397531534562,11.86175346970771
748,46.12740477018784,23.804224673784248,45.15897848646329,36.82397531534562,11.86175346970771
749,46.142607236421874,23.773467391705722,45.15897848646329,36.82397531534562,11.86175346970771
750,45.71525399189296,23.341158123968892,44.00739761978517,37.260786468318805,12.350978230322003
751,45.711450362818276,23.297333515354048,44.00739761978517,37.260786468318805,12.350978230322003
752,45.707646733743594,23.253508906739203,44.00739761978517,37.260786468318805,12.350978230322003
753,45.70384310466891,23.20968429812436,44.00739761978517,37.260786468318805,12.350978230322003
754,45.70003947559423,23.165859689509514,44.00739761978517,37.260786468318805,12.350978230322003
755,45.69623584651955,23.12203508089467,44.00739761978517,37.260786468318805,12.350978230322003
756,45.69243221744487,23.078210472279824,44.00739761978517,37.260786468318805,12.350978230322003
757,45.688628588370186,23.03438586366498,44.00739761978517,37.260786468318805,12.350978230322003
758,45.684824959295504,22.990561255050135,44.00739761978517,37.260786468318805,12.350978230322003
759,45.68102133022082,22.94673664643529,44.00739761978517,37.260786468318805,12.350978230322003
760,45.047364321689216,23.278113725424852,44.017532402229264,36.67860848874906,14.482064382753197
761,45.01714291277476,23.245902108014366,44.017532402229264,36.67860848874906,14.482064382753197
762,44.9869215038603,23.21369049060388,44.017532402229264,36.67860848874906,14.482064382753197
763,44.956700094945845,23.181478873193395,44.017532402229264,36.67860848874906,14.482064382753197
764,44.92647868603139,23.14926725578291,44.017532402229264,36.67860848874906,14.482064382753197
765,44.89625727711693,23.117055638372424,44.017532402229264,36.67860848874906,14.482064382753197
766,44.866035868202474,23.08484402096194,44.017532402229264,36.67860848874906,14.482064382753197
767,44.83581445928802,23.052632403551453,44.017532402229264,36.67860848874906,14.482064382753197
768,44.80559305037356,23.020420786140967,44.017532402229264,36.67860848874906,14.482064382753197
769,44.7753716414591,22.98820916873048,44.017532402229264,36.67860848874906,14.482064382753197
770,44.512431768141205,21.982865708891588,43.48509498049851,38.591470733356054,14.740819509841913
771,44.472073783522156,21.919881159327424,43.48509498049851,38.591470733356054,14.740819509841913
772,44.431715798903106,21.85689660976326,43.48509498049851,38.591470733356054,14.740819509841913
773,44.391357814284056,21.793912060199098,43.48509498049851,38.591470733356054,14.740819509841913
774,44.35099982966501,21.730927510634935,43.48509498049851,38.591470733356054,14.740819509841913
775,44.31064184504596,21.66794296107077,43.48509498049851,38.591470733356054,14.740819509841913
776,44.27028386042691,21.60495841150661,43.48509498049851,38.591470733356054,14.740819509841913
777,44.22992587580786,21.541973861942445,43.48509498049851,38.591470733356054,14.740819509841913
778,44.18956789118881,21.478989312378282,43.48509498049851,38.591470733356054,14.740819509841913
779,44.14920990656976,21.41600476281412,43.48509498049851,38.591470733356054,14.740819509841913
780,44.94621661908638,20.06374721637231,42.98637921906579,39.638297609211406,10.162818155918075
781,44.94053926115232,19.96095937019295,42.98637921906579,39.638297609211406,10.162818155918075
782,44.934861903218255,19.85817152401359,42.98637921906579,39.638297609211406,10.162818155918075
783,44.929184545284194,19.755383677834228,42.98637921906579,39.638297609211406,10.162818155918075
784,44.92350718735013,19.652595831654867,42.98637921906579,39.638297609211406,10.162818155918075
785,44.91782982941607,19.549807985475507,42.98637921906579,39.638297609211406,10.162818155918075
786,44.91215247148201,19.447020139296146,42.98637921906579,39.638297609211406,10.162818155918075
787,44.90647511354795,19.344232293116786,42.98637921906579,39.638297609211406,10.162818155918075
788,44.90079775561389,19.241444446937425,42.98637921906579,39.638297609211406,10.162818155918075
789,44.895120397679825,19.138656600758065,42.98637921906579,39.638297609211406,10.162818155918075
790,46.084265896376195,20.766200106691354,45.02372071023417,38.58585589562724,11.461400334774472
791,46.12754616589363,20.71426600256377,45.02372071023417,38.58585589562724,11.461400334774472
792,46.17082643541106,20.66233189843619,45.02372071023417,38.58585589562724,11.461400334774472
793,46.21410670492849,20.610397794308607,45.02372071023417,38.58585589562724,11.461400334774472
794,46.25738697444592,20.558463690181025,45.02372071023417,38.58585589562724,11.461400334774472
795,46.30066724396335,20.506529586053443,45.02372071023417,38.58585589562724,11.461400334774472
796,46.343947513480785,20.45459548192586,45.02372071023417,38.58585589562724,11.461400334774472
797,46.38722778299822,20.402661377798278,45.02372071023417,38.58585589562724,11.461400334774472
798,46.43050805251565,20.350727273670696,45.02372071023417,38.58585589562724,11.461400334774472
799,46.47378832203308,20.298793169543114,45.02372071023417,38.58585589562724,11.461400334774472
800,46.26602539613032,20.178568774393607,43.663987521887854,38.94175551144137,9.711828257936002
801,46.298773091699275,20.124647534692915,43.663987521887854,38.94175551144137,9.711828257936002
802,46.33152078726823,20.070726294992223,43.663987521887854,38.94175551144137,9.711828257936002
803,46.36426848283719,20.01680505529153,43.663987521887854,38.94175551144137,9.711828257936002
804,46.39701617840615,19.96288381559084,43.663987521887854,38.94175551144137,9.711828257936002
805,46.429763873975105,19.908962575890147,43.663987521887854,38.94175551144137,9.711828257936002
806,46.46251156954406,19.855041336189455,43.663987521887854,38.94175551144137,9.711828257936002
807,46.49525926511302,19.801120096488763,43.663987521887854,38.94175551144137,9.711828257936002
808,46.52800696068198,19.74719885678807,43.663987521887854,38.94175551144137,9.711828257936002
809,46.560754656250936,19.69327761708738,43.663987521887854,38.94175551144137,9.711828257936002
810,45.2822414949375,19.60445068334743,42.00766899311979,37.83904270750024,10.073217313269211
811,45.25977169042583,19.549708844620305,42.00766899311979,37.83904270750024,10.073217313269211
812,45.23730188591416,19.49496700589318,42.00766899311979,37.83904270750024,10.073217313269211
813,45.214832081402484,19.440225167166055,42.00766899311979,37.83904270750024,10.073217313269211
814,45.19236227689081,19.38548332843893,42.00766899311979,37.83904270750024,10.073217313269211
815,45.16989247237914,19.330741489711805,42.00766899311979,37.83904270750024,10.073217313269211
816,45.14742266786747,19.27599965098468,42.00766899311979,37.83904270750024,10.073217313269211
817,45.124952863355794,19.221257812257555,42.00766899311979,37.83904270750024,10.073217313269211
818,45.10248305884412,19.16651597353043,42.00766899311979,37.83904270750024,10.073217313269211
819,45.08001325433245,19.111774134803305,42.00766899311979,37.83904270750024,10.073217313269211
820,45.64766986121625,18.387475392790627,42.994101004228156,40.17251974986722,8.12784568750392
821,45.65022089333068,18.312583684942304,42.994101004228156,40.17251974986722,8.12784568750392
822,45.652771925445116,18.23769197709398,42.994101004228156,40.17251974986722,8.12784568750392
823,45.65532295755955,18.162800269245658,42.994101004228156,40.17251974986722,8.12784568750392
824,45.65787398967398,18.087908561397334,42.994101004228156,40.17251974986722,8.12784568750392
825,45.66042502178841,18.01301685354901,42.994101004228156,40.17251974986722,8.12784568750392
826,45.662976053902845,17.93812514570069,42.994101004228156,40.17251974986722,8.12784568750392
827,45.66552708601728,17.863233437852365,42.994101004228156,40.17251974986722,8.12784568750392
828,45.66807811813171,17.788341730004042,42.994101004228156,40.17251974986722,8.12784568750392
829,45.67062915024614,17.71345002215572,42.994101004228156,40.17251974986722,8.12784568750392
830,45.27052224703928,17.849342883241185,42.28029614986564,39.07743437272907,9.114536966576777
831,45.25604988681612,17.780985094103528,42.28029614986564,39.07743437272907,9.114536966576777
832,45.24157752659296,17.71262730496587,42.28029614986564,39.07743437272907,9.114536966576777
833,45.2271051663698,17.644269515828213,42.28029614986564,39.07743437272907,9.114536966576777
834,45.212632806146644,17.575911726690556,42.28029614986564,39.07743437272907,9.114536966576777
835,45.198160445923484,17.5075539375529,42.28029614986564,39.07743437272907,9.114536966576777
836,45.183688085700325,17.439196148415242,42.28029614986564,39.07743437272907,9.114536966576777
837,45.169215725477166,17.370838359277585,42.28029614986564,39.07743437272907,9.114536966576777
838,45.15474336525401,17.302480570139927,42.28029614986564,39.07743437272907,9.114536966576777
839,45.14027100503085,17.23412278100227,42.28029614986564,39.07743437272907,9.114536966576777
840,45.72481299622588,17.618794639046925,42.94925105815792,39.570261138737735,6.677034753637281
841,45.73497104133491,17.562890199999984,42.94925105815792,39.570261138737735,6.677034753637281
842,45.74512908644394,17.506985760953043,42.94925105815792,39.570261138737735,6.677034753637281
843,45.75528713155297,17.451081321906102,42.94925105815792,39.570261138737735,6.677034753637281
844,45.765445176662,17.39517688285916,42.94925105815792,39.570261138737735,6.677034753637281
845,45.77560322177103,17.33927244381222,42.94925105815792,39.570261138737735,6.677034753637281
846,45.78576126688006,17.28336800476528,42.94925105815792,39.570261138737735,6.677034753637281
847,45.79591931198909,17.227463565718338,42.94925105815792,39.570261138737735,6.677034753637281
848,45.80607735709812,17.171559126671397,42.94925105815792,39.570261138737735,6.677034753637281
849,45.81623540220715,17.115654687624456,42.94925105815792,39.570261138737735,6.677034753637281
850,46.81910712599655,17.638002858544013,44.33002569003939,40.7568811409209,7.299457459698919
851,46.87040521204891,17.59772797403963,44.33002569003939,40.7568811409209,7.299457459698919
852,46.921703298101264,17.557453089535244,44.33002569003939,40.7568811409209,7.299457459698919
853,46.97300138415362,17.51717820503086,44.33002569003939,40.7568811409209,7.299457459698919
854,47.024299470205975,17.476903320526475,44.33002569003939,40.7568811409209,7.299457459698919
855,47.07559755625833,17.43662843602209,44.33002569003939,40.7568811409209,7.299457459698919
856,47.126895642310686,17.396353551517706,44.33002569003939,40.7568811409209,7.299457459698919
857,47.17819372836304,17.35607866701332,44.33002569003939,40.7568811409209,7.299457459698919
858,47.2294918144154,17.315803782508937,44.33002569003939,40.7568811409209,7.299457459698919
859,47.28078990046775,17.275528898004552,44.33002569003939,40.7568811409209,7.299457459698919
860,46.92319519144531,16.732607251105968,43.137166187912946,41.42227073334742,7.223033462052697
861,46.957658890891885,16.678274193971216,43.137166187912946,41.42227073334742,7.223033462052697
862,46.99212259033846,16.623941136836464,43.137166187912946,41.42227073334742,7.223033462052697
863,47.02658628978504,16.569608079701712,43.137166187912946,41.42227073334742,7.223033462052697
864,47.06104998923161,16.51527502256696,43.137166187912946,41.42227073334742,7.223033462052697
865,47.09551368867819,16.46094196543221,43.137166187912946,41.42227073334742,7.223033462052697
866,47.129977388124765,16.406608908297457,43.137166187912946,41.42227073334742,7.223033462052697
867,47.16444108757134,16.352275851162705,43.137166187912946,41.42227073334742,7.223033462052697
868,47.198904787017916,16.297942794027954,43.137166187912946,41.42227073334742,7.223033462052697
869,47.23336848646449,16.2436097368932,43.137166187912946,41.42227073334742,7.223033462052697
870,45.83111688952271,15.795005722897514,41.35509914499729,40.52628794229048,7.936081865272685
871,45.805676682071365,15.731237781064634,41.35509914499729,40.52628794229048,7.936081865272685
872,45.78023647462002,15.667469839231753,41.35509914499729,40.52628794229048,7.936081865272685
873,45.75479626716867,15.603701897398873,41.35509914499729,40.52628794229048,7.936081865272685
874,45.729356059717325,15.539933955565992,41.35509914499729,40.52628794229048,7.936081865272685
875,45.70391585226598,15.476166013733112,41.35509914499729,40.52628794229048,7.936081865272685
876,45.67847564481463,15.412398071900231,41.35509914499729,40.52628794229048,7.936081865272685
877,45.653035437363286,15.34863013006735,41.35509914499729,40.52628794229048,7.936081865272685
878,45.62759522991194,15.28486218823447,41.35509914499729,40.52628794229048,7.936081865272685
879,45.60215502246059,15.22109424640159,41.35509914499729,40.52628794229048,7.936081865272685
880,45.41778090587102,14.9996593987745,41.538719218143136,40.76192287295682,5.473203903329264
881,45.38596340489887,14.931745523423288,41.538719218143136,40.76192287295682,5.473203903329264
882,45.354145903926714,14.863831648072075,41.538719218143136,40.76192287295682,5.473203903329264
883,45.32232840295456,14.795917772720863,41.538719218143136,40.76192287295682,5.473203903329264
884,45.29051090198241,14.72800389736965,41.538719218143136,40.76192287295682,5.473203903329264
885,45.258693401010255,14.660090022018437,41.538719218143136,40.76192287295682,5.473203903329264
886,45.2268759000381,14.592176146667224,41.538719218143136,40.76192287295682,5.473203903329264
887,45.19505839906595,14.524262271316012,41.538719218143136,40.76192287295682,5.473203903329264
888,45.1632408980938,14.456348395964799,41.538719218143136,40.76192287295682,5.473203903329264
889,45.131423397121644,14.388434520613586,41.538719218143136,40.76192287295682,5.473203903329264
890,45.396568703237094,14.2362707326655,41.980443087723614,41.61331919955563,6.843872693893472
891,45.377253766984836,14.165358790185516,41.980443087723614,41.61331919955563,6.843872693893472
892,45.35793883073258,14.094446847705534,41.980443087723614,41.61331919955563,6.843872693893472
893,45.33862389448032,14.023534905225551,41.980443087723614,41.61331919955563,6.843872693893472
894,45.31930895822806,13.952622962745568,41.980443087723614,41.61331919955563,6.843872693893472
895,45.299994021975806,13.881711020265586,41.980443087723614,41.61331919955563,6.843872693893472
896,45.28067908572355,13.810799077785603,41.980443087723614,41.61331919955563,6.843872693893472
897,45.26136414947129,13.73988713530562,41.980443087723614,41.61331919955563,6.843872693893472
898,45.24204921321903,13.668975192825638,41.980443087723614,41.61331919955563,6.843872693893472
899,45.222734276966776,13.598063250345655,41.980443087723614,41.61331919955563,6.843872693893472
900,44.77134205822913,12.66661155561624,39.992297096844254,41.84231485938525,4.427407483333357
901,44.73584792439809,12.57276697560227,39.992297096844254,41.84231485938525,4.427407483333357
902,44.70035379056704,12.4789223955883,39.992297096844254,41.84231485938525,4.427407483333357
903,44.664859656736,12.38507781557433,39.992297096844254,41.84231485938525,4.427407483333357
904,44.629365522904955,12.29123323556036,39.992297096844254,41.84231485938525,4.427407483333357
905,44.59387138907391,12.19738865554639,39.992297096844254,41.84231485938525,4.427407483333357
906,44.55837725524287,12.10354407553242,39.992297096844254,41.84231485938525,4.427407483333357
907,44.52288312141182,12.00969949551845,39.992297096844254,41.84231485938525,4.427407483333357
908,44.48738898758078,11.91585491550448,39.992297096844254,41.84231485938525,4.427407483333357
909,44.451894853749735,11.82201033549051,39.992297096844254,41.84231485938525,4.427407483333357
910,45.230949527172974,13.29467070267541,42.08857123297263,40.89738438831266,5.012981354514109
911,45.22510709252183,13.242013795925299,42.08857123297263,40.89738438831266,5.012981354514109
912,45.21926465787069,13.189356889175189,42.08857123297263,40.89738438831266,5.012981354514109
913,45.213422223219546,13.136699982425078,42.08857123297263,40.89738438831266,5.012981354514109
914,45.2075797885684,13.084043075674968,42.08857123297263,40.89738438831266,5.012981354514109
915,45.20173735391726,13.031386168924858,42.08857123297263,40.89738438831266,5.012981354514109
916,45.19589491926612,12.978729262174747,42.08857123297263,40.89738438831266,5.012981354514109
917,45.190052484614974,12.926072355424637,42.08857123297263,40.89738438831266,5.012981354514109
918,45.18421004996383,12.873415448674526,42.08857123297263,40.89738438831266,5.012981354514109
919,45.17836761531269,12.820758541924416,42.08857123297263,40.89738438831266,5.012981354514109
920,45.80667804061677,12.229007391431727,41.82084004088955,43.16072678140226,3.2371563005478254
921,45.828448226194354,12.159761377331813,41.82084004088955,43.16072678140226,3.2371563005478254
922,45.85021841177194,12.0905153632319,41.82084004088955,43.16072678140226,3.2371563005478254
923,45.87198859734953,12.021269349131986,41.82084004088955,43.16072678140226,3.2371563005478254
924,45.893758782927115,11.952023335032072,41.82084004088955,43.16072678140226,3.2371563005478254
925,45.9155289685047,11.882777320932158,41.82084004088955,43.16072678140226,3.2371563005478254
926,45.93729915408229,11.813531306832244,41.82084004088955,43.16072678140226,3.2371563005478254
927,45.95906933965988,11.74428529273233,41.82084004088955,43.16072678140226,3.2371563005478254
928,45.980839525237464,11.675039278632417,41.82084004088955,43.16072678140226,3.2371563005478254
929,46.00260971081505,11.605793264532503,41.82084004088955,43.16072678140226,3.2371563005478254
930,46.035303250453765,13.14288651649745,42.1179096246763,40.9312518098728,2.7929958425166546
931,46.053364018579295,13.118059062209282,42.1179096246763,40.9312518098728,2.7929958425166546
932,46.071424786704824,13.093231607921114,42.1179096246763,40.9312518098728,2.7929958425166546
933,46.089485554830354,13.068404153632946,42.1179096246763,40.9312518098728,2.7929958425166546
934,46.10754632295588,13.043576699344777,42.1179096246763,40.9312518098728,2.7929958425166546
935,46.12560709108141,13.01874924505661,42.1179096246763,40.9312518098728,2.7929958425166546
936,46.14366785920694,12.993921790768441,42.1179096246763,40.9312518098728,2.7929958425166546
937,46.16172862733247,12.969094336480273,42.1179096246763,40.9312518098728,2.7929958425166546
938,46.179789395458,12.944266882192105,42.1179096246763,40.9312518098728,2.7929958425166546
939,46.19785016358353,12.919439427903937,42.1179096246763,40.9312518098728,2.7929958425166546
940,47.536150912243606,13.851825368396115,44.54897511421386,43.15072148418993,5.019512238708915
941,47.60709374132861,13.850457304602124,44.54897511421386,43.15072148418993,5.019512238708915
942,47.67803657041362,13.849089240808132,44.54897511421386,43.15072148418993,5.019512238708915
943,47.74897939949862,13.84772117701414,44.54897511421386,43.15072148418993,5.019512238708915
944,47.81992222858363,13.846353113220149,44.54897511421386,43.15072148418993,5.019512238708915
945,47.890865057668634,13.844985049426157,44.54897511421386,43.15072148418993,5.019512238708915
946,47.96180788675364,13.843616985632165,44.54897511421386,43.15072148418993,5.019512238708915
947,48.032750715838645,13.842248921838173,44.54897511421386,43.15072148418993,5.019512238708915
948,48.10369354492365,13.840880858044182,44.54897511421386,43.15072148418993,5.019512238708915
949,48.17463637400866,13.83951279425019,44.54897511421386,43.15072148418993,5.019512238708915
950,47.5256943103513,13.624708810251747,42.67705679985956,42.89043009880181,3.201639513791602
951,47.5668225499256,13.618740833593426,42.67705679985956,42.89043009880181,3.201639513791602
952,47.607950789499895,13.612772856935106,42.67705679985956,42.89043009880181,3.201639513791602
953,47.649079029074194,13.606804880276785,42.67705679985956,42.89043009880181,3.201639513791602
954,47.69020726864849,13.600836903618465,42.67705679985956,42.89043009880181,3.201639513791602
955,47.73133550822279,13.594868926960144,42.67705679985956,42.89043009880181,3.201639513791602
956,47.77246374779709,13.588900950301824,42.67705679985956,42.89043009880181,3.201639513791602
957,47.81359198737139,13.582932973643503,42.67705679985956,42.89043009880181,3.201639513791602
958,47.85472022694569,13.576964996985183,42.67705679985956,42.89043009880181,3.201639513791602
959,47.895848466519986,13.570997020326862,42.67705679985956,42.89043009880181,3.201639513791602
960,46.81047494528221,12.758985294318382,41.31292953693035,42.994580263117946,2.953843858589706
961,46.80613286895201,12.733263997774388,41.31292953693035,42.994580263117946,2.953843858589706
962,46.801790792621816,12.707542701230395,41.31292953693035,42.994580263117946,2.953843858589706
963,46.79744871629162,12.681821404686401,41.31292953693035,42.994580263117946,2.953843858589706
964,46.79310663996142,12.656100108142407,41.31292953693035,42.994580263117946,2.953843858589706
965,46.788764563631226,12.630378811598414,41.31292953693035,42.994580263117946,2.953843858589706
966,46.78442248730103,12.60465751505442,41.31292953693035,42.994580263117946,2.953843858589706
967,46.78008041097083,12.578936218510426,41.31292953693035,42.994580263117946,2.953843858589706
968,46.775738334640636,12.553214921966433,41.31292953693035,42.994580263117946,2.953843858589706
969,46.77139625831044,12.527493625422439,41.31292953693035,42.994580263117946,2.953843858589706
970,46.32987558678019,12.093922591392896,41.41657074107556,42.93543488574216,0.7997303869879027
971,46.30842704756493,12.058251735788781,41.41657074107556,42.93543488574216,0.7997303869879027
972,46.28697850834968,12.022580880184666,41.41657074107556,42.93543488574216,0.7997303869879027
973,46.26552996913442,11.98691002458055,41.41657074107556,42.93543488574216,0.7997303869879027
974,46.24408142991916,11.951239168976436,41.41657074107556,42.93543488574216,0.7997303869879027
975,46.222632890703906,11.91556831337232,41.41657074107556,42.93543488574216,0.7997303869879027
976,46.20118435148865,11.879897457768205,41.41657074107556,42.93543488574216,0.7997303869879027
977,46.17973581227339,11.84422660216409,41.41657074107556,42.93543488574216,0.7997303869879027
978,46.158287273058136,11.808555746559975,41.41657074107556,42.93543488574216,0.7997303869879027
979,46.13683873384288,11.77288489095586,41.41657074107556,42.93543488574216,0.7997303869879027
980,46.66625293988732,9.78317173820496,41.637344976837824,45.813679458015166,1.196866475912812
981,46.67335627053054,9.692046403598647,41.637344976837824,45.813679458015166,1.196866475912812
982,46.68045960117376,9.600921068992335,41.637344976837824,45.813679458015166,1.196866475912812
983,46.68756293181698,9.509795734386023,41.637344976837824,45.813679458015166,1.196866475912812
984,46.694666262460196,9.41867039977971,41.637344976837824,45.813679458015166,1.196866475912812
985,46.701769593103414,9.327545065173398,41.637344976837824,45.813679458015166,1.196866475912812
986,46.70887292374663,9.236419730567086,41.637344976837824,45.813679458015166,1.196866475912812
987,46.71597625438985,9.145294395960773,41.637344976837824,45.813679458015166,1.196866475912812
988,46.72307958503307,9.054169061354461,41.637344976837824,45.813679458015166,1.196866475912812
989,46.73018291567629,8.963043726748149,41.637344976837824,45.813679458015166,1.196866475912812
990,45.481213671416995,9.969868617277257,40.253257674942596,41.92950877435579,2.1996239161509434
991,45.43267413611758,9.914443874588,40.253257674942596,41.92950877435579,2.1996239161509434
992,45.38413460081817,9.859019131898744,40.253257674942596,41.92950877435579,2.1996239161509434
993,45.33559506551876,9.803594389209488,40.253257674942596,41.92950877435579,2.1996239161509434
994,45.28705553021935,9.748169646520232,40.253257674942596,41.92950877435579,2.1996239161509434
995,45.238515994919936,9.692744903830976,40.253257674942596,41.92950877435579,2.1996239161509434
996,45.189976459620524,9.63732016114172,40.253257674942596,41.92950877435579,2.1996239161509434
997,45.14143692432111,9.581895418452463,40.253257674942596,41.92950877435579,2.1996239161509434
998,45.0928973890217,9.526470675763207,40.253257674942596,41.92950877435579,2.1996239161509434
999,45.04435785372229,9.47104593307395,40.253257674942596,41.92950877435579,2.1996239161509434
